allocation_id,failing_agent,empty_target,removed_chore,retained_positive_chore
0,0,1,0,1
1,0,2,0,1
2,0,1,0,1
3,0,2,0,1
4,0,2,0,1
6,0,1,0,1
8,0,1,0,1
9,0,2,0,1
10,0,2,0,1
12,0,2,0,1
13,0,2,0,1
18,0,1,0,1
20,0,1,0,1
24,0,1,0,1
26,0,1,0,1
27,0,2,0,1
28,0,2,0,1
30,0,2,0,1
31,0,2,0,1
36,0,2,0,1
37,0,2,0,1
39,0,2,0,1
40,0,2,0,1
54,0,1,0,1
56,0,1,0,1
60,0,1,0,1
62,0,1,0,1
72,0,1,0,1
74,0,1,0,1
78,0,1,0,1
80,0,1,0,1
81,0,2,0,1
82,0,2,0,1
84,0,2,0,1
85,0,2,0,1
90,0,2,0,1
91,0,2,0,1
93,0,2,0,1
94,0,2,0,1
108,0,2,0,1
109,0,2,0,1
111,0,2,0,1
112,0,2,0,1
117,0,2,0,1
118,0,2,0,1
120,0,2,0,1
121,0,2,0,1
162,0,1,0,1
164,0,1,0,1
168,0,1,0,1
170,0,1,0,1
180,0,1,0,1
182,0,1,0,1
186,0,1,0,1
188,0,1,0,1
216,0,1,0,1
218,0,1,0,1
222,0,1,0,1
224,0,1,0,1
234,0,1,0,1
236,0,1,0,1
240,0,1,0,1
242,0,1,0,1
243,0,2,0,1
244,0,2,0,1
246,0,2,0,1
247,0,2,0,1
252,0,2,0,1
253,0,2,0,1
255,0,2,0,1
256,0,2,0,1
270,0,2,0,1
271,0,2,0,1
273,0,2,0,1
274,0,2,0,1
279,0,2,0,1
280,0,2,0,1
282,0,2,0,1
283,0,2,0,1
324,0,2,0,1
325,0,2,0,1
327,0,2,0,1
328,0,2,0,1
333,0,2,0,1
334,0,2,0,1
336,0,2,0,1
337,0,2,0,1
351,0,2,0,1
352,0,2,0,1
354,0,2,0,1
355,0,2,0,1
360,0,2,0,1
361,0,2,0,1
363,0,2,0,1
364,0,2,0,1
486,0,1,0,1
488,0,1,0,1
492,0,1,0,1
494,0,1,0,1
504,0,1,0,1
506,0,1,0,1
510,0,1,0,1
512,0,1,0,1
540,0,1,0,1
542,0,1,0,1
546,0,1,0,1
548,0,1,0,1
558,0,1,0,1
560,0,1,0,1
564,0,1,0,1
566,0,1,0,1
648,0,1,0,1
650,0,1,0,1
654,0,1,0,1
656,0,1,0,1
666,0,1,0,1
668,0,1,0,1
672,0,1,0,1
674,0,1,0,1
702,0,1,0,1
704,0,1,0,1
708,0,1,0,1
710,0,1,0,1
720,0,1,0,1
722,0,1,0,1
726,0,1,0,1
728,0,1,0,1
729,0,2,0,2
730,0,2,0,2
732,0,2,0,2
733,0,2,0,2
738,0,2,0,2
739,0,2,0,2
741,0,2,0,2
742,0,2,0,2
756,0,2,0,2
757,0,2,0,2
759,0,2,0,2
760,0,2,0,2
765,0,2,0,2
766,0,2,0,2
768,0,2,0,2
769,0,2,0,2
810,0,2,0,2
811,0,2,0,2
813,0,2,0,2
814,0,2,0,2
819,0,2,0,2
820,0,2,0,2
822,0,2,0,2
823,0,2,0,2
837,0,2,0,2
838,0,2,0,2
840,0,2,0,2
841,0,2,0,2
846,0,2,0,2
847,0,2,0,2
849,0,2,0,2
850,0,2,0,2
972,0,2,0,3
973,0,2,0,3
975,0,2,0,3
976,0,2,0,3
981,0,2,0,3
982,0,2,0,3
984,0,2,0,3
985,0,2,0,3
999,0,2,0,3
1000,0,2,0,3
1002,0,2,0,3
1003,0,2,0,3
1008,0,2,0,3
1009,0,2,0,3
1011,0,2,0,3
1012,0,2,0,3
1053,0,2,0,4
1054,0,2,0,4
1056,0,2,0,4
1057,0,2,0,4
1062,0,2,0,4
1063,0,2,0,4
1065,0,2,0,4
1066,0,2,0,4
1080,0,2,0,5
1081,0,2,0,5
1083,0,2,0,5
1084,0,2,0,5
1089,0,2,0,6
1090,0,2,0,6
1092,0,2,0,7
1093,1,2,1,2
1458,0,1,0,2
1460,0,1,0,2
1464,0,1,0,2
1466,0,1,0,2
1476,0,1,0,2
1478,0,1,0,2
1482,0,1,0,2
1484,0,1,0,2
1512,0,1,0,2
1514,0,1,0,2
1518,0,1,0,2
1520,0,1,0,2
1530,0,1,0,2
1532,0,1,0,2
1536,0,1,0,2
1538,0,1,0,2
1620,0,1,0,2
1622,0,1,0,2
1626,0,1,0,2
1628,0,1,0,2
1638,0,1,0,2
1640,0,1,0,2
1644,0,1,0,2
1646,0,1,0,2
1674,0,1,0,2
1676,0,1,0,2
1680,0,1,0,2
1682,0,1,0,2
1692,0,1,0,2
1694,0,1,0,2
1698,0,1,0,2
1700,0,1,0,2
1944,0,1,0,3
1946,0,1,0,3
1950,0,1,0,3
1952,0,1,0,3
1962,0,1,0,3
1964,0,1,0,3
1968,0,1,0,3
1970,0,1,0,3
1998,0,1,0,3
2000,0,1,0,3
2004,0,1,0,3
2006,0,1,0,3
2016,0,1,0,3
2018,0,1,0,3
2022,0,1,0,3
2024,0,1,0,3
2106,0,1,0,4
2108,0,1,0,4
2112,0,1,0,4
2114,0,1,0,4
2124,0,1,0,4
2126,0,1,0,4
2130,0,1,0,4
2132,0,1,0,4
2160,0,1,0,5
2162,0,1,0,5
2166,0,1,0,5
2168,0,1,0,5
2178,0,1,0,6
2180,0,1,0,6
2184,0,1,0,7
2186,2,1,2,1
2187,0,2,2,1
2188,0,2,2,1
2190,0,2,2,1
2191,0,2,2,1
2196,0,2,2,1
2197,0,2,2,1
2199,0,2,2,1
2200,0,2,2,1
2214,0,2,2,1
2215,0,2,2,1
2217,0,2,2,1
2218,0,2,2,1
2223,0,2,2,1
2224,0,2,2,1
2226,0,2,2,1
2227,0,2,2,1
2268,0,2,2,1
2269,0,2,2,1
2271,0,2,2,1
2272,0,2,2,1
2277,0,2,2,1
2278,0,2,2,1
2280,0,2,2,1
2281,0,2,2,1
2295,0,2,2,1
2296,0,2,2,1
2298,0,2,2,1
2299,0,2,2,1
2304,0,2,2,1
2305,0,2,2,1
2307,0,2,2,1
2308,0,2,2,1
2430,0,2,3,1
2431,0,2,3,1
2433,0,2,3,1
2434,0,2,3,1
2439,0,2,3,1
2440,0,2,3,1
2442,0,2,3,1
2443,0,2,3,1
2457,0,2,3,1
2458,0,2,3,1
2460,0,2,3,1
2461,0,2,3,1
2466,0,2,3,1
2467,0,2,3,1
2469,0,2,3,1
2470,0,2,3,1
2511,0,2,4,1
2512,0,2,4,1
2514,0,2,4,1
2515,0,2,4,1
2520,0,2,4,1
2521,0,2,4,1
2523,0,2,4,1
2524,0,2,4,1
2538,0,2,5,1
2539,0,2,5,1
2541,0,2,5,1
2542,0,2,5,1
2547,0,2,6,1
2548,0,2,6,1
2550,0,2,7,1
2551,1,2,2,0
2916,0,2,3,2
2917,0,2,3,2
2919,0,2,3,2
2920,0,2,3,2
2925,0,2,3,2
2926,0,2,3,2
2928,0,2,3,2
2929,0,2,3,2
2943,0,2,3,2
2944,0,2,3,2
2946,0,2,3,2
2947,0,2,3,2
2952,0,2,3,2
2953,0,2,3,2
2955,0,2,3,2
2956,0,2,3,2
2997,0,2,4,2
2998,0,2,4,2
3000,0,2,4,2
3001,0,2,4,2
3006,0,2,4,2
3007,0,2,4,2
3009,0,2,4,2
3010,0,2,4,2
3024,0,2,5,2
3025,0,2,5,2
3027,0,2,5,2
3028,0,2,5,2
3033,0,2,6,2
3034,0,2,6,2
3036,0,2,7,2
3037,1,2,1,0
3159,0,2,4,3
3160,0,2,4,3
3162,0,2,4,3
3163,0,2,4,3
3168,0,2,4,3
3169,0,2,4,3
3171,0,2,4,3
3172,0,2,4,3
3186,0,2,5,3
3187,0,2,5,3
3189,0,2,5,3
3190,0,2,5,3
3195,0,2,6,3
3196,0,2,6,3
3198,0,2,7,3
3199,1,2,1,0
3240,0,2,5,4
3241,0,2,5,4
3243,0,2,5,4
3244,0,2,5,4
3249,0,2,6,4
3250,0,2,6,4
3252,0,2,7,4
3253,1,2,1,0
3267,0,2,6,5
3268,0,2,6,5
3270,0,2,7,5
3271,1,2,1,0
3276,0,2,7,6
3277,1,2,1,0
3279,1,2,1,0
3280,1,0,1,0
3281,1,0,1,0
3283,1,0,1,0
3284,1,0,1,0
3289,1,0,1,0
3290,1,0,1,0
3292,1,0,1,0
3293,1,0,1,0
3307,1,0,1,0
3308,1,0,1,0
3310,1,0,1,0
3311,1,0,1,0
3316,1,0,1,0
3317,1,0,1,0
3319,1,0,1,0
3320,1,0,1,0
3361,1,0,1,0
3362,1,0,1,0
3364,1,0,1,0
3365,1,0,1,0
3370,1,0,1,0
3371,1,0,1,0
3373,1,0,1,0
3374,1,0,1,0
3388,1,0,1,0
3389,1,0,1,0
3391,1,0,1,0
3392,1,0,1,0
3397,1,0,1,0
3398,1,0,1,0
3400,1,0,1,0
3401,1,0,1,0
3523,1,0,1,0
3524,1,0,1,0
3526,1,0,1,0
3527,1,0,1,0
3532,1,0,1,0
3533,1,0,1,0
3535,1,0,1,0
3536,1,0,1,0
3550,1,0,1,0
3551,1,0,1,0
3553,1,0,1,0
3554,1,0,1,0
3559,1,0,1,0
3560,1,0,1,0
3562,1,0,1,0
3563,1,0,1,0
3604,1,0,1,0
3605,1,0,1,0
3607,1,0,1,0
3608,1,0,1,0
3613,1,0,1,0
3614,1,0,1,0
3616,1,0,1,0
3617,1,0,1,0
3631,1,0,1,0
3632,1,0,1,0
3634,1,0,1,0
3635,1,0,1,0
3640,1,0,1,0
3641,1,0,1,0
3643,1,0,1,0
3644,1,0,1,0
4009,1,0,2,0
4010,1,0,2,0
4012,1,0,2,0
4013,1,0,2,0
4018,1,0,2,0
4019,1,0,2,0
4021,1,0,2,0
4022,1,0,2,0
4036,1,0,2,0
4037,1,0,2,0
4039,1,0,2,0
4040,1,0,2,0
4045,1,0,2,0
4046,1,0,2,0
4048,1,0,2,0
4049,1,0,2,0
4090,1,0,2,0
4091,1,0,2,0
4093,1,0,2,0
4094,1,0,2,0
4099,1,0,2,0
4100,1,0,2,0
4102,1,0,2,0
4103,1,0,2,0
4117,1,0,2,0
4118,1,0,2,0
4120,1,0,2,0
4121,1,0,2,0
4126,1,0,2,0
4127,1,0,2,0
4129,1,0,2,0
4130,1,0,2,0
4252,1,0,3,0
4253,1,0,3,0
4255,1,0,3,0
4256,1,0,3,0
4261,1,0,3,0
4262,1,0,3,0
4264,1,0,3,0
4265,1,0,3,0
4279,1,0,3,0
4280,1,0,3,0
4282,1,0,3,0
4283,1,0,3,0
4288,1,0,3,0
4289,1,0,3,0
4291,1,0,3,0
4292,1,0,3,0
4333,1,0,4,0
4334,1,0,4,0
4336,1,0,4,0
4337,1,0,4,0
4342,1,0,4,0
4343,1,0,4,0
4345,1,0,4,0
4346,1,0,4,0
4360,1,0,5,0
4361,1,0,5,0
4363,1,0,5,0
4364,1,0,5,0
4369,1,0,6,0
4370,1,0,6,0
4372,1,0,7,0
4373,2,0,2,1
4374,0,1,2,1
4376,0,1,2,1
4380,0,1,2,1
4382,0,1,2,1
4392,0,1,2,1
4394,0,1,2,1
4398,0,1,2,1
4400,0,1,2,1
4428,0,1,2,1
4430,0,1,2,1
4434,0,1,2,1
4436,0,1,2,1
4446,0,1,2,1
4448,0,1,2,1
4452,0,1,2,1
4454,0,1,2,1
4536,0,1,2,1
4538,0,1,2,1
4542,0,1,2,1
4544,0,1,2,1
4554,0,1,2,1
4556,0,1,2,1
4560,0,1,2,1
4562,0,1,2,1
4590,0,1,2,1
4592,0,1,2,1
4596,0,1,2,1
4598,0,1,2,1
4608,0,1,2,1
4610,0,1,2,1
4614,0,1,2,1
4616,0,1,2,1
4860,0,1,3,1
4862,0,1,3,1
4866,0,1,3,1
4868,0,1,3,1
4878,0,1,3,1
4880,0,1,3,1
4884,0,1,3,1
4886,0,1,3,1
4914,0,1,3,1
4916,0,1,3,1
4920,0,1,3,1
4922,0,1,3,1
4932,0,1,3,1
4934,0,1,3,1
4938,0,1,3,1
4940,0,1,3,1
5022,0,1,4,1
5024,0,1,4,1
5028,0,1,4,1
5030,0,1,4,1
5040,0,1,4,1
5042,0,1,4,1
5046,0,1,4,1
5048,0,1,4,1
5076,0,1,5,1
5078,0,1,5,1
5082,0,1,5,1
5084,0,1,5,1
5094,0,1,6,1
5096,0,1,6,1
5100,0,1,7,1
5102,2,1,2,0
5467,1,0,1,2
5468,1,0,1,2
5470,1,0,1,2
5471,1,0,1,2
5476,1,0,1,2
5477,1,0,1,2
5479,1,0,1,2
5480,1,0,1,2
5494,1,0,1,2
5495,1,0,1,2
5497,1,0,1,2
5498,1,0,1,2
5503,1,0,1,2
5504,1,0,1,2
5506,1,0,1,2
5507,1,0,1,2
5548,1,0,1,2
5549,1,0,1,2
5551,1,0,1,2
5552,1,0,1,2
5557,1,0,1,2
5558,1,0,1,2
5560,1,0,1,2
5561,1,0,1,2
5575,1,0,1,2
5576,1,0,1,2
5578,1,0,1,2
5579,1,0,1,2
5584,1,0,1,2
5585,1,0,1,2
5587,1,0,1,2
5588,1,0,1,2
5710,1,0,1,3
5711,1,0,1,3
5713,1,0,1,3
5714,1,0,1,3
5719,1,0,1,3
5720,1,0,1,3
5722,1,0,1,3
5723,1,0,1,3
5737,1,0,1,3
5738,1,0,1,3
5740,1,0,1,3
5741,1,0,1,3
5746,1,0,1,3
5747,1,0,1,3
5749,1,0,1,3
5750,1,0,1,3
5791,1,0,1,4
5792,1,0,1,4
5794,1,0,1,4
5795,1,0,1,4
5800,1,0,1,4
5801,1,0,1,4
5803,1,0,1,4
5804,1,0,1,4
5818,1,0,1,5
5819,1,0,1,5
5821,1,0,1,5
5822,1,0,1,5
5827,1,0,1,6
5828,1,0,1,6
5830,1,0,1,7
5831,2,0,2,0
5832,0,1,3,2
5834,0,1,3,2
5838,0,1,3,2
5840,0,1,3,2
5850,0,1,3,2
5852,0,1,3,2
5856,0,1,3,2
5858,0,1,3,2
5886,0,1,3,2
5888,0,1,3,2
5892,0,1,3,2
5894,0,1,3,2
5904,0,1,3,2
5906,0,1,3,2
5910,0,1,3,2
5912,0,1,3,2
5994,0,1,4,2
5996,0,1,4,2
6000,0,1,4,2
6002,0,1,4,2
6012,0,1,4,2
6014,0,1,4,2
6018,0,1,4,2
6020,0,1,4,2
6048,0,1,5,2
6050,0,1,5,2
6054,0,1,5,2
6056,0,1,5,2
6066,0,1,6,2
6068,0,1,6,2
6072,0,1,7,2
6074,2,1,1,0
6196,1,0,3,2
6197,1,0,3,2
6199,1,0,3,2
6200,1,0,3,2
6205,1,0,3,2
6206,1,0,3,2
6208,1,0,3,2
6209,1,0,3,2
6223,1,0,3,2
6224,1,0,3,2
6226,1,0,3,2
6227,1,0,3,2
6232,1,0,3,2
6233,1,0,3,2
6235,1,0,3,2
6236,1,0,3,2
6277,1,0,4,2
6278,1,0,4,2
6280,1,0,4,2
6281,1,0,4,2
6286,1,0,4,2
6287,1,0,4,2
6289,1,0,4,2
6290,1,0,4,2
6304,1,0,5,2
6305,1,0,5,2
6307,1,0,5,2
6308,1,0,5,2
6313,1,0,6,2
6314,1,0,6,2
6316,1,0,7,2
6317,2,0,1,0
6318,0,1,4,3
6320,0,1,4,3
6324,0,1,4,3
6326,0,1,4,3
6336,0,1,4,3
6338,0,1,4,3
6342,0,1,4,3
6344,0,1,4,3
6372,0,1,5,3
6374,0,1,5,3
6378,0,1,5,3
6380,0,1,5,3
6390,0,1,6,3
6392,0,1,6,3
6396,0,1,7,3
6398,2,1,1,0
6439,1,0,4,3
6440,1,0,4,3
6442,1,0,4,3
6443,1,0,4,3
6448,1,0,4,3
6449,1,0,4,3
6451,1,0,4,3
6452,1,0,4,3
6466,1,0,5,3
6467,1,0,5,3
6469,1,0,5,3
6470,1,0,5,3
6475,1,0,6,3
6476,1,0,6,3
6478,1,0,7,3
6479,2,0,1,0
6480,0,1,5,4
6482,0,1,5,4
6486,0,1,5,4
6488,0,1,5,4
6498,0,1,6,4
6500,0,1,6,4
6504,0,1,7,4
6506,2,1,1,0
6520,1,0,5,4
6521,1,0,5,4
6523,1,0,5,4
6524,1,0,5,4
6529,1,0,6,4
6530,1,0,6,4
6532,1,0,7,4
6533,2,0,1,0
6534,0,1,6,5
6536,0,1,6,5
6540,0,1,7,5
6542,2,1,1,0
6547,1,0,6,5
6548,1,0,6,5
6550,1,0,7,5
6551,2,0,1,0
6552,0,1,7,6
6554,2,1,1,0
6556,1,0,7,6
6557,2,0,1,0
6558,2,1,1,0
6559,2,0,1,0
6560,2,0,1,0
